club,id,createdAt,favorites,retweets,text
Elon Musk,1600902278927380480,2022-12-08 17:17:01+00:00,112115,3807,X in beautiful San Francisco https://t.co/yM3LiGEpNL
Elon Musk,1600788394375753729,2022-12-08 09:44:29+00:00,143708,13030,Woke v Woke https://t.co/hmhC5eelik
Elon Musk,1600439088560996353,2022-12-07 10:36:28+00:00,117298,9478,"Oh, you know, keeping busy ‚Ä¶ https://t.co/jgGYovK6jL"
Elon Musk,1600319218854940673,2022-12-07 02:40:08+00:00,316118,27140,"Oh, what a tangled web they weave, when first they practice to ‚Ä¶"
Elon Musk,1599840937298968576,2022-12-05 18:59:37+00:00,523542,31233,So many interesting posts on Twitter these days!
Elon Musk,1599671964582391808,2022-12-05 07:48:11+00:00,357312,29278,Starship takes beings of Earth to Mars https://t.co/6qaIc3p4yA
Elon Musk,1599382943893319680,2022-12-04 12:39:43+00:00,219078,18409,"The intelligence of this hive-mind will improve significantly as signal/noise, effective cross-linking of tweets &amp; speed of tweets all improve"
Elon Musk,1599325924431798272,2022-12-04 08:53:09+00:00,488515,32162,Anything anyone says will be used against me in a court of law https://t.co/vWhFLyhYUj
Elon Musk,1599261195470372866,2022-12-04 04:35:56+00:00,327893,30906,"The more Twitter improves its signal to noise ratio, the less relevant conventional news becomes"
Elon Musk,1599259281584402432,2022-12-04 04:28:20+00:00,107701,9177,Trees of thought https://t.co/wxeirrmG9E
Elon Musk,1599258460121538560,2022-12-04 04:25:04+00:00,101474,9486,Great work by Twitter Spaces team! https://t.co/L2mOCvXw5E
Elon Musk,1599228101547868160,2022-12-04 02:24:26+00:00,287034,20216,Pretty wild that you can engage in back-and-forth dialogue with over 100k people live on Twitter Spaces!
Elon Musk,1599224347121500160,2022-12-04 02:09:31+00:00,175383,59429,"I am not expressing an opinion, but did promise to conduct this poll.  Should Assange and Snowden be pardoned?"
Elon Musk,1599205091294052352,2022-12-04 00:53:00+00:00,580141,37353,Just a note to thank advertisers for returning to Twitter
Elon Musk,1599158458615746561,2022-12-03 21:47:42+00:00,185142,11791,SBF was bad at League. Nuff said.
Elon Musk,1598989666812071936,2022-12-03 10:36:59+00:00,527237,43465,Twitter servers are running at Warp 9!! https://t.co/vtZZeKupC7
Elon Musk,1598864377750306816,2022-12-03 02:19:07+00:00,646494,67602,Tune in for Episode 2 of The Twitter Files tomorrow!
Elon Musk,1598825403182874625,2022-12-02 23:44:15+00:00,408849,90823,Here we go!! üçøüçø https://t.co/eILK9f3bAm
Elon Musk,1598778884639653891,2022-12-02 20:39:24+00:00,726999,107563,What really happened with the Hunter Biden story suppression by Twitter will be published on Twitter at 5pm ET!
Elon Musk,1598770563597606917,2022-12-02 20:06:20+00:00,70693,9010,"Major Twitter system improvements were implemented this week to drop hammer hard on spam/scam accounts.  Taking just past 24 hours, does it seem like there are far fewer?"
Elon Musk,1598765633121898496,2022-12-02 19:46:45+00:00,241168,19465,Twitter is now serving almost 90 billion tweet impressions per day!  Just how incredibly alive the system actually is will become obvious as we show view count on all tweets.
Elon Musk,1598752139278532610,2022-12-02 18:53:08+00:00,126412,13319,"Hate speech impressions (# of times tweet was viewed) continue to decline, despite significant user growth!  @TwitterSafety will publish data weekly.  Freedom of speech doesn‚Äôt mean freedom of reach. Negativity should &amp; will get less reach than positivity. https://t.co/36zl29rCSM"
Elon Musk,1598718904830132225,2022-12-02 16:41:04+00:00,511088,42431,"You know Twitter is being fair when extremists on far right and far left are simultaneously upset!  Twitter aims to serve center 80% of people, who wish to learn, laugh &amp; engage in reasoned debate. ‚ù§Ô∏è"
Elon Musk,1598548365364498432,2022-12-02 05:23:24+00:00,200246,14426,FAFO
Elon Musk,1598482808020029441,2022-12-02 01:02:54+00:00,103147,8449,Tesla Semi Truck launch in 5 mins! https://t.co/jG3s9wuVGb
Elon Musk,1598477759730581504,2022-12-02 00:42:50+00:00,53766,4191,Going live on Twitter in ~20 mins https://t.co/JdeI5ItUw3
Elon Musk,1598420481769512960,2022-12-01 20:55:14+00:00,724072,83799,üáØüáµüáØüáµ Congratulations Japan! üáØüáµüáØüáµ https://t.co/WfqWIJMNGI
Elon Musk,1598414428525199360,2022-12-01 20:31:11+00:00,60108,6342,AI is getting really good https://t.co/OwQgDi4wun
Elon Musk,1598381157124837376,2022-12-01 18:18:59+00:00,611069,48960,"I meet so many people who read twitter every day, but almost never tweet.  If I may beg your indulgence, please add your voice to the public dialogue!"
Elon Musk,1598360883474108417,2022-12-01 16:58:25+00:00,83097,6117,Lot of people stuck in a damn-that‚Äôs-crazy ChatGPT loop üîÅ
Elon Musk,1598337312446087168,2022-12-01 15:24:45+00:00,159409,14003,"As a reminder, tap the stars icon on upper right of screen to switch between latest people you follow and recommended tweets"
Elon Musk,1598157971384463360,2022-12-01 03:32:07+00:00,707422,69573,"Twitter is purging a lot of spam/scam accounts right now, so you may see your follower count drop"
Elon Musk,1598127347932090370,2022-12-01 01:30:26+00:00,56969,4718,Exciting Neuralink update in 30 mins! https://t.co/5NYAyjP8mh
Elon Musk,1598050795882442752,2022-11-30 20:26:14+00:00,450140,26521,Thanks @tim_cook for taking me around Apple‚Äôs beautiful HQ https://t.co/xjo4g306gR
Elon Musk,1597982424629383168,2022-11-30 15:54:33+00:00,112211,8869,Update from @Neuralink at 6pm PT
Elon Musk,1597829226572705793,2022-11-30 05:45:48+00:00,328580,21102,Twitter core services latency reduced by ~400ms. Should feel noticeably faster.
Elon Musk,1597735092247736322,2022-11-29 23:31:45+00:00,143060,10815,A little more progress to Mars https://t.co/TUjECUHaQ3
Elon Musk,1597405399040217088,2022-11-29 01:41:40+00:00,923632,146672,"This is a battle for the future of civilization. If free speech is lost even in America, tyranny is all that lies ahead."
Elon Musk,1597336812732575744,2022-11-28 21:09:07+00:00,856631,132659,The Twitter Files on free speech suppression soon to be published on Twitter itself. The public deserves to know what really happened ‚Ä¶
Elon Musk,1597301968208556032,2022-11-28 18:50:40+00:00,261001,44362,Did you know Apple puts a secret 30%  tax on everything you buy through their App Store? https://t.co/LGkPZ4EYcz
Elon Musk,1597300125243944961,2022-11-28 18:43:20+00:00,671100,77703,"Apple has also threatened to withhold Twitter from its App Store, but won‚Äôt tell us why"
Elon Musk,1597295832759382016,2022-11-28 18:26:17+00:00,189786,37178,Apple should publish all censorship actions it has taken that affect its customers
Elon Musk,1597293917707587585,2022-11-28 18:18:40+00:00,225818,25708,Accurate https://t.co/1PRfh67nWX
Elon Musk,1597291218714906626,2022-11-28 18:07:57+00:00,150230,21954,Who else has Apple censored? https://t.co/lZculFIkAX
Elon Musk,1597285572699074560,2022-11-28 17:45:31+00:00,639962,66376,Apple has mostly stopped advertising on Twitter. Do they hate free speech in America?
Elon Musk,1597280496525844481,2022-11-28 17:25:21+00:00,160938,16305,https://t.co/9LwcH7iUmy
Elon Musk,1597183438779342849,2022-11-28 10:59:40+00:00,174128,17410,https://t.co/r22bMdErLi
Elon Musk,1597170780130852864,2022-11-28 10:09:22+00:00,477635,52894,https://t.co/KZ7jeME3AX
Elon Musk,1597165510595989504,2022-11-28 09:48:26+00:00,896731,58412,My bedside table https://t.co/sIdRYJcLTK
Elon Musk,1597164398543777792,2022-11-28 09:44:01+00:00,186408,14791,The amount of pro psy ops on Twitter is ridiculous! At least with new Verified they will pay $8 for the privilege haha.
Elon Musk,1597032623020249088,2022-11-28 01:00:23+00:00,242295,17225,Twitter experienced slight degradation of service today from an old 3rd party tool used to block accounts that had no rate limit (sigh). Should be fixed now.
Elon Musk,1596942103937921025,2022-11-27 19:00:41+00:00,323860,29844,"Just a note to encourage people of different political or other views to engage in civil debate on Twitter.   Worst case, the other side has a slightly better understanding of your views."
Elon Musk,1596718851097755648,2022-11-27 04:13:34+00:00,251882,24304,Slides from my Twitter company talk https://t.co/8LLXrwylta
Elon Musk,1596716236477698048,2022-11-27 04:03:10+00:00,161944,12999,"Starry, starry night ‚Ä¶ https://t.co/IN3SeOH7f7"
Elon Musk,1596704250880720898,2022-11-27 03:15:33+00:00,370757,21785,"Tesla team just completed a 500 mile drive with a Tesla Semi weighing in at 81,000 lbs!"
Elon Musk,1596621001693200385,2022-11-26 21:44:45+00:00,192925,12102,Follow World Cup on Twitter for best real-time coverage! https://t.co/9IfFSHbjl3
Elon Musk,1596427779587080195,2022-11-26 08:56:57+00:00,288600,20317,Simpson‚Äôs predicts I buy Twitter S26E12 https://t.co/yVmWGwrYY6
Elon Musk,1596072934665240576,2022-11-25 09:26:55+00:00,244751,17840,What do you think of the culture war?
Elon Musk,1595956011210182656,2022-11-25 01:42:19+00:00,266698,12965,Thanksgiving cuisine is such a delightful symphony of flavor! https://t.co/b61TpqqT5s
Elon Musk,1595684143429550080,2022-11-24 07:42:00+00:00,257945,17024,"You might notice small, sometimes major, improvements in speed of Twitter. Will be especially significant in countries far away from USA."
Elon Musk,1595682322707267584,2022-11-24 07:34:46+00:00,175909,13159,"Tesla Full Self-Driving Beta is now available to anyone in North America who requests it from the car screen, assuming you have bought this option.   Congrats to Tesla Autopilot/AI team on achieving a major milestone!"
Elon Musk,1595630109116989440,2022-11-24 04:07:18+00:00,263100,21317,Hate speech impressions down by 1/3 from pre-spike levels. Congrats to Twitter team! https://t.co/5BWaQoIlip
Elon Musk,1595589549924970496,2022-11-24 01:26:07+00:00,633040,40922,Have a great Thanksgiving! üá∫üá∏‚ô•Ô∏èüá∫üá∏
Elon Musk,1595535360863395842,2022-11-23 21:50:48+00:00,558773,47800,Awesome new Twitter merch! https://t.co/zqdL9xGRuR
Elon Musk,1595505413113323520,2022-11-23 19:51:48+00:00,357572,23187,"World Cup traffic hit almost 20,000 tweets per second today! Great work by Twitter team managing record usage."
Elon Musk,1595473875847942146,2022-11-23 17:46:29+00:00,266782,60118,"Should Twitter offer a general amnesty to suspended accounts, provided that they have not broken the law or engaged in egregious spam?"
Elon Musk,1595358165373112320,2022-11-23 10:06:41+00:00,380109,32232,"More and more over time, as we hew closer to the truth, Twitter will earn the trust of the people"
Elon Musk,1595339067452841984,2022-11-23 08:50:48+00:00,281499,18135,What is best in life?
Elon Musk,1595250835096621057,2022-11-23 03:00:12+00:00,646734,90006,Found in closet at Twitter HQ fr ü§£ü§£ https://t.co/3xSI3KvvHk
Elon Musk,1595207476936413187,2022-11-23 00:07:54+00:00,982283,69946,Wasn‚Äôt Twitter supposed to die by now or something ‚Ä¶ ?
Elon Musk,1594962397114023937,2022-11-22 07:54:03+00:00,684841,33191,"Wait, if I Tweet does that count as work?"
Elon Musk,1594866036708462593,2022-11-22 01:31:08+00:00,161994,9439,The Tactics of Mistake
Elon Musk,1594865247323660290,2022-11-22 01:28:00+00:00,385299,31199,"Twitter added 1.6M daily active users this past week, another all-time high https://t.co/Si3cRYnvyD"
Elon Musk,1594861031670820864,2022-11-22 01:11:15+00:00,242555,15166,Holding off relaunch of Blue Verified until there is high confidence of stopping impersonation.   Will probably use different color check for organizations than individuals.
Elon Musk,1594835418117451776,2022-11-21 23:29:28+00:00,89349,6923,Starlink now works for high latitudes https://t.co/Ngdh8CJbCJ
Elon Musk,1594828625232113664,2022-11-21 23:02:29+00:00,43827,3506,Tesla Megapacks are highly effective in addressing electricity demand spikes that cause power outages https://t.co/V4n5c4ZvNH
Elon Musk,1594788419120824321,2022-11-21 20:22:43+00:00,169978,16230,Experience: what you get when you didn‚Äôt get what you wanted - Igor
Elon Musk,1594773242626965505,2022-11-21 19:22:25+00:00,125982,10735,Fanaticism is always a function of repressed doubt ‚Äì Dune
Elon Musk,1594757734267764774,2022-11-21 18:20:47+00:00,361162,25705,"Hope all judgy hall monitors stay on other platforms ‚Äì please, I‚Äôm begging u"
Elon Musk,1594751560147312641,2022-11-21 17:56:15+00:00,616605,44111,Twitter is fun üöÄ üí´ ‚ô•Ô∏è
Elon Musk,1594509880840388610,2022-11-21 01:55:54+00:00,480654,36072,Our love will never die https://t.co/y5SldfAAt0
Elon Musk,1594500655724609536,2022-11-21 01:19:15+00:00,1097749,93795,And lead us not into temptation ‚Ä¶ https://t.co/8qNOXzwXS9
Elon Musk,1594455929256349697,2022-11-20 22:21:31+00:00,131650,13926,World Cup Qatar 2022: Opening Ceremony https://t.co/TjSSitY7fK
Elon Musk,1594339820792430601,2022-11-20 14:40:09+00:00,493976,31660,World Cup starts soon! Follow on Twitter for best coverage by far.
Elon Musk,1594191387519373313,2022-11-20 04:50:20+00:00,1449948,114413,Twitter is ALIVE
Elon Musk,1594131768298315777,2022-11-20 00:53:25+00:00,962703,127969,"The people have spoken.   Trump will be reinstated.  Vox Populi, Vox Dei. https://t.co/jmkhFuyfkv"
Elon Musk,1594078009954570240,2022-11-19 21:19:48+00:00,173362,10543,The most entertaining outcome is the most likely ‚Äì my variant on Occam‚Äôs Razor
Elon Musk,1593958104365993986,2022-11-19 13:23:21+00:00,456379,24177,Fascinating to watch Twitter Trump poll!
Elon Musk,1593901355667582976,2022-11-19 09:37:51+00:00,119972,6785,Tesla FSD 10.69.3.1 going to wide release now
Elon Musk,1593899029531803649,2022-11-19 09:28:36+00:00,463356,36942,Just leaving Twitter HQ code review https://t.co/pYcXRTJm14
Elon Musk,1593893237873201152,2022-11-19 09:05:35+00:00,617110,37617,Trump poll getting ~1M votes/hour!
Elon Musk,1593767953706921985,2022-11-19 00:47:45+00:00,838055,230489,Reinstate former President Trump
Elon Musk,1593727662228283393,2022-11-18 22:07:39+00:00,615776,54787,First World Cup match on Sunday! Watch on Twitter for best coverage &amp; real-time commentary.
Elon Musk,1593673339826212864,2022-11-18 18:31:47+00:00,414672,42485,"New Twitter policy is freedom of speech, but not freedom of reach.  Negative/hate tweets will be max deboosted &amp; demonetized, so no ads or other revenue to Twitter.   You won‚Äôt find the tweet unless you specifically seek it out, which is no different from rest of Internet."
Elon Musk,1593670880676020224,2022-11-18 18:22:01+00:00,383443,24196,Freedom Fridays ‚Ä¶
Elon Musk,1593659832552153093,2022-11-18 17:38:07+00:00,515190,32170,What should Twitter do next?
Elon Musk,1593624195136487426,2022-11-18 15:16:30+00:00,791847,100363,https://t.co/OjhQJvruTy
Elon Musk,1593494261038649344,2022-11-18 06:40:12+00:00,342370,23529,https://t.co/JU073T756X
Elon Musk,1593459801966538755,2022-11-18 04:23:16+00:00,2134628,234480,https://t.co/rbwbsLA1ZG
Elon Musk,1593459039257563136,2022-11-18 04:20:14+00:00,540422,34634,üè¥‚Äç‚ò†Ô∏è
Elon Musk,1593455727611215872,2022-11-18 04:07:05+00:00,720344,46929,And ‚Ä¶ we just hit another all-time high in Twitter usage lol
Elon Musk,1593415171149791232,2022-11-18 01:25:55+00:00,458424,26428,How do you make a small fortune in social media?  Start out with a large one.
Elon Musk,1593264249731620864,2022-11-17 15:26:13+00:00,402115,31610,Twitter is like open-sourcing the news
Elon Musk,1593160857588232192,2022-11-17 08:35:22+00:00,315814,28417,Coverage of FTX meltdown is incomparably faster *and* better quality on Twitter than old-school media
Elon Musk,1592658210917609472,2022-11-15 23:18:02+00:00,223895,15044,Punting relaunch of Blue Verified to November 29th to make sure that it is rock solid
Elon Musk,1592618665933156352,2022-11-15 20:40:54+00:00,760982,48604,Welcoming back Ligma &amp; Johnson! https://t.co/LEhXV95Njj
Elon Musk,1592447141720780803,2022-11-15 09:19:19+00:00,425744,30892,Twitter is All the News
Elon Musk,1592254111088771072,2022-11-14 20:32:17+00:00,42251,3155,S√¨√¨! https://t.co/Gj1wHytJxk
Elon Musk,1592228299337760768,2022-11-14 18:49:43+00:00,133196,8313,Recent trend is promising https://t.co/0q7UdxSkbM
Elon Musk,1591853644944932865,2022-11-13 18:00:58+00:00,174248,11107,"Btw, I‚Äôd like to apologize for Twitter being super slow in many countries. App is doing &gt;1000 poorly batched RPCs just to render a home timeline!"
Elon Musk,1591851391773200384,2022-11-13 17:52:01+00:00,232699,17590,"Rolling out soon, Twitter will enable organizations to identify which other Twitter accounts are actually associated with them"
Elon Musk,1591842546216763399,2022-11-13 17:16:52+00:00,565840,34727,Twitter feels increasingly alive
Elon Musk,1591574318022299649,2022-11-12 23:31:02+00:00,76543,6219,Order at https://t.co/Q1VvqV5G0i! https://t.co/Ehca6KRk3v
Elon Musk,1591334141140045824,2022-11-12 07:36:39+00:00,443236,28605,ü™¶ü§ñ
Elon Musk,1591326005272141826,2022-11-12 07:04:19+00:00,100482,12123,Twitter is
Elon Musk,1591313397362352130,2022-11-12 06:14:13+00:00,218137,19642,FTX meltdown/ransack being tracked in real-time on Twitter
Elon Musk,1591121142961799168,2022-11-11 17:30:16+00:00,382918,50217,"As Twitter pursues the goal of elevating citizen journalism, media elite will try everything to stop that from happening"
Elon Musk,1591102135613390850,2022-11-11 16:14:45+00:00,172667,12878,Twitter HQ is great (this is a real pic) https://t.co/EiAXAF0CaE https://t.co/qjfOQCr533
Elon Musk,1590970255064854529,2022-11-11 07:30:42+00:00,216718,10296,Quite the day!
Elon Musk,1590884973535711232,2022-11-11 01:51:49+00:00,357443,28702,"Going forward, accounts engaged in parody must include ‚Äúparody‚Äù in their name, not just in bio"
Elon Musk,1590785323105423360,2022-11-10 19:15:51+00:00,442298,29481,Usage of Twitter continues to rise. One thing is for sure: it isn‚Äôt boring!
Elon Musk,1590755506112823296,2022-11-10 17:17:22+00:00,1326615,108769,I love when people complain about Twitter ‚Ä¶ on Twitter ü§£ü§£
Elon Musk,1590746581426663424,2022-11-10 16:41:54+00:00,323164,19791,https://t.co/FxdcXa1I7i
Elon Musk,1590612193590259712,2022-11-10 07:47:53+00:00,82735,9099,Are you seeing far fewer bots/scams/spam?
Elon Musk,1590384919829962752,2022-11-09 16:44:47+00:00,535334,40174,Please note that Twitter will do lots of dumb things in coming months.   We will keep what works &amp; change what doesn‚Äôt.
Elon Musk,1590383937284870145,2022-11-09 16:40:53+00:00,368423,25228,Complaint hotline operator online! Please mention your complaints below.
Elon Musk,1590004271625691136,2022-11-08 15:32:13+00:00,647299,46308,Twitter is the worst! But also the best.
Elon Musk,1589791846737522688,2022-11-08 01:28:07+00:00,687183,48317,https://t.co/3t5ahItE5z
Elon Musk,1589784134691741696,2022-11-08 00:57:29+00:00,710057,46493,Twitter usage is at an all-time high lol
Elon Musk,1589722050998210561,2022-11-07 20:50:47+00:00,368044,27864,"To be clear, my historical party affiliation has been Independent, with an actual voting history of entirely Democrat until this year"
Elon Musk,1589639376186724354,2022-11-07 15:22:16+00:00,413397,58356,"To independent-minded voters:  Shared power curbs the worst excesses of both parties, therefore I recommend voting for a Republican Congress, given that the Presidency is Democratic."
Elon Musk,1589631946644414467,2022-11-07 14:52:44+00:00,339386,25738,How times have changed https://t.co/gCxUkZ4kZC
Elon Musk,1589609169333948418,2022-11-07 13:22:14+00:00,104744,15217,"Twitter rules will evolve over time, but they‚Äôre currently the following: https://t.co/Ut1tXuefso"
Elon Musk,1589414958508691456,2022-11-07 00:30:30+00:00,396612,28896,"My commitment to free speech extends even to not banning the account following my plane, even though that is a direct personal safety risk"
Elon Musk,1589413653190938624,2022-11-07 00:25:19+00:00,761839,69786,Twitter needs to become by far the most accurate source of information about the world. That‚Äôs our mission.
Elon Musk,1589403131770974208,2022-11-06 23:43:30+00:00,298464,27378,Widespread verification will democratize journalism &amp; empower the voice of the people
Elon Musk,1589390597798125568,2022-11-06 22:53:42+00:00,647579,68265,"Going forward, any Twitter handles engaging in impersonation without clearly specifying ‚Äúparody‚Äù will be permanently suspended"
Elon Musk,1589022495189127169,2022-11-05 22:31:00+00:00,263229,15835,Search within Twitter reminds me of Infoseek in ‚Äò98! That will also get a lot better pronto.
Elon Musk,1589009644114284544,2022-11-05 21:39:56+00:00,604026,49988,"Twitter will soon add ability to attach long-form text to tweets, ending absurdity of notepad screenshots"
Elon Musk,1588992081308962816,2022-11-05 20:30:08+00:00,231188,13257,This rocks https://t.co/sB1sL0Hdrv
Elon Musk,1588945917217951746,2022-11-05 17:26:42+00:00,151159,12803,https://t.co/4UQlClBSct
Elon Musk,1588750686006947840,2022-11-05 04:30:55+00:00,1361923,95472,"Trash me all day, but it‚Äôll cost $8"
Elon Musk,1588739131815112704,2022-11-05 03:45:01+00:00,714379,68377,‚ö°Ô∏è‚ö°Ô∏è‚ö°Ô∏è Power to the People ‚ö°Ô∏è‚ö°Ô∏è‚ö°Ô∏è
Elon Musk,1588671155766194176,2022-11-04 23:14:54+00:00,517278,45932,"Regarding Twitter‚Äôs reduction in force, unfortunately there is no choice when the company is losing over $4M/day.  Everyone exited was offered 3 months of severance, which is 50% more than legally required."
Elon Musk,1588666105023041536,2022-11-04 22:54:50+00:00,289620,25695,"Again, to be crystal clear, Twitter‚Äôs strong commitment to content moderation remains absolutely unchanged.  In fact, we have actually seen hateful speech at times this week decline *below* our prior norms, contrary to what you may read in the press."
Elon Musk,1588661987701313537,2022-11-04 22:38:28+00:00,53642,4601,Excellent summary of Twitter‚Äôs Trust &amp; Safety from the head of the team https://t.co/sJ1MBf9Mub
Elon Musk,1588538640401018880,2022-11-04 14:28:20+00:00,699241,90565,"Twitter has had a massive drop in revenue, due to activist groups pressuring advertisers, even though nothing has changed with content moderation and we did everything we could to appease the activists.  Extremely messed up! They‚Äôre trying to destroy free speech in America."
Elon Musk,1588398244488368128,2022-11-04 05:10:27+00:00,163417,10231,Tiny talk is talk so small it feels like it‚Äôs coming from your own mind
Elon Musk,1588391903636357122,2022-11-04 04:45:15+00:00,477529,39942,Why is small talk even legal!?
Elon Musk,1588087419059916802,2022-11-03 08:35:20+00:00,358516,20474,A neuron doesn‚Äôt realize it‚Äôs a neuron
Elon Musk,1588081971221053440,2022-11-03 08:13:41+00:00,217978,15025,"Because it consists of billions of bidirectional interactions per day, Twitter can be thought of as a collective, cybernetic super-intelligence"
Elon Musk,1588060509302972421,2022-11-03 06:48:24+00:00,165338,12800,üéØ https://t.co/W55sUbxYed
Elon Musk,1587923502354472960,2022-11-02 21:43:59+00:00,448485,35372,ü§î https://t.co/XuJdfMTTi1
Elon Musk,1587913672801759234,2022-11-02 21:04:56+00:00,461021,37029,https://t.co/BYOBGBHOUA
Elon Musk,1587899771091566595,2022-11-02 20:09:41+00:00,177873,30161,Advertisers should support:
Elon Musk,1587894226695884800,2022-11-02 19:47:39+00:00,1883431,178777,https://t.co/kGncG7Hs3M
Elon Musk,1587877870860484610,2022-11-02 18:42:40+00:00,620333,44002,Twitter is simply the most interesting place on the Internet. That‚Äôs why you‚Äôre reading this tweet right now.
Elon Musk,1587873929443565572,2022-11-02 18:27:00+00:00,758712,46352,Being attacked by both right &amp; left simultaneously is a good sign
Elon Musk,1587853401014034435,2022-11-02 17:05:26+00:00,753691,50668,you get what you pay for
Elon Musk,1587631360025542656,2022-11-02 02:23:07+00:00,232159,16266,Twitter speaks to the inner masochist in all of us
Elon Musk,1587627120355934208,2022-11-02 02:06:16+00:00,1100325,85550,"To all complainers, please continue complaining, but it will cost $8"
Elon Musk,1587523701452464131,2022-11-01 19:15:19+00:00,505739,29530,https://t.co/icg6e35LOe
Elon Musk,1587498907336118274,2022-11-01 17:36:48+00:00,606713,67707,Twitter‚Äôs current lords &amp; peasants system for who has or doesn‚Äôt have a blue checkmark is bullshit.   Power to the people! Blue for $8/month.
Elon Musk,1587442891894538240,2022-11-01 13:54:13+00:00,145036,11535,Sonic BOOMS!! https://t.co/6n5OxFc0Dy
Elon Musk,1587433105811722240,2022-11-01 13:15:20+00:00,53836,3582,Falcon Heavy launch in ~30 mins https://t.co/Bluay8q80F
Elon Musk,1587297730631696384,2022-11-01 04:17:24+00:00,1012176,72504,üòâ https://t.co/eaIYaDRBnu
Elon Musk,1587297137099931649,2022-11-01 04:15:02+00:00,1122481,48438,Halloween with my Mom https://t.co/xOAgNeeiNN
Elon Musk,1587129795732770824,2022-10-31 17:10:05+00:00,948653,59162,"If I had a dollar for every time someone asked me if Trump is coming back on this platform, Twitter would be minting money!"
Elon Musk,1586918804780630016,2022-10-31 03:11:41+00:00,249100,27230,Bring back Vine?
Elon Musk,1586885887341645824,2022-10-31 01:00:53+00:00,286973,45331,"Wachtell &amp; Twitter board deliberately hid this evidence from the court. Stay tuned, more to come ‚Ä¶ https://t.co/CifaNvtRtt"
Elon Musk,1586871691686223872,2022-10-31 00:04:28+00:00,692467,74744,This is fake ‚Äì I did *not* tweet out a link to The New York Times! https://t.co/d6V6m5ATW2
Elon Musk,1586680643831836677,2022-10-30 11:25:19+00:00,527890,37121,"Just received this email from Twitter. This is an actual, real email that was autogenerated ü§£ü§£ https://t.co/7DQp4sNINX"
Elon Musk,1586411481574166528,2022-10-29 17:35:45+00:00,684519,52252,"Finally, the truth that carbs are amazing can be said on this platform!  #FreeSpeech"
Elon Musk,1586410852646674432,2022-10-29 17:33:16+00:00,526388,32999,Fresh baked bread &amp; pastries are some of the great joys of life
Elon Musk,1586149451348910081,2022-10-29 00:14:33+00:00,247252,21950,"To be super clear, we have not yet made any changes to Twitter‚Äôs content moderation policies https://t.co/k4guTsXOIu"
Elon Musk,1586108809772089345,2022-10-28 21:33:03+00:00,666361,62467,Ligma Johnson had it coming üçÜ üí¶ https://t.co/CgjrOV5eM2
Elon Musk,1586104694421659648,2022-10-28 21:16:42+00:00,2378221,253366,Comedy is now legal on Twitter
Elon Musk,1586059953311137792,2022-10-28 18:18:55+00:00,609676,57469,Twitter will be forming a content moderation council with widely diverse viewpoints.   No major content decisions or account reinstatements will happen before that council convenes.
Elon Musk,1585966869122457600,2022-10-28 12:09:02+00:00,986457,88720,üé∂ let the good times roll üé∂
Elon Musk,1585841080431321088,2022-10-28 03:49:11+00:00,2476155,352236,the bird is freed
Elon Musk,1585811291851018241,2022-10-28 01:50:49+00:00,450482,32808,Falcon rockets to orbit as seen from LA https://t.co/r8L2SbLC3p
Elon Musk,1585619322239561728,2022-10-27 13:08:00+00:00,744953,110582,Dear Twitter Advertisers https://t.co/GMwHmInPAS
Elon Musk,1585341984679469056,2022-10-26 18:45:58+00:00,1390428,183439,Entering Twitter HQ ‚Äì let that sink in! https://t.co/D68z4K2wq7
Elon Musk,1585292083610279936,2022-10-26 15:27:40+00:00,378796,46748,A beautiful thing about Twitter is how it empowers citizen journalism ‚Äì people are able to disseminate news without an establishment bias
Elon Musk,1585282193999265793,2022-10-26 14:48:22+00:00,131272,12987,"‚ÄúThe New York Times has emerged as a new, chaotic actor in global politics. The paper‚Äôs interventions in some of the world‚Äôs most combustible conflicts have sometimes been a boon, but their messaging has also caused problems.‚Äù"
Elon Musk,1585050236120027137,2022-10-25 23:26:39+00:00,56196,4408,Works on any moving land object https://t.co/Xu4qKJW4D9
Elon Musk,1584764977457397760,2022-10-25 04:33:08+00:00,161041,12519,What lesson took you the longest to unlearn?
Elon Musk,1584717774261489665,2022-10-25 01:25:34+00:00,104169,7402,Œ¥ŒπŒ±ŒªŒµŒ∫œÑŒπŒ∫ŒÆ
Elon Musk,1584174386998697985,2022-10-23 13:26:21+00:00,121411,12877,Think about who might have decided ‚ÄúThe Current Thing‚Äù before accepting it
Elon Musk,1584173256415723521,2022-10-23 13:21:51+00:00,122926,9342,Who decides ‚ÄúThe Current Thing?‚Äù Real question. I don‚Äôt know.
Elon Musk,1584157532209090560,2022-10-23 12:19:22+00:00,66590,5122,Neuralink show &amp; tell now on Nov 30
Elon Musk,1583978878305173505,2022-10-23 00:29:28+00:00,215770,22860,i know |nothing| is forever
Elon Musk,1583345981906571264,2022-10-21 06:34:33+00:00,45724,3030,"Only Giga Berlin can make these colors, as paint shop was specially built to apply many fine layers of paint, giving it complexity not otherwise possible https://t.co/Htis0LfRzV"
Elon Musk,1583299870370467840,2022-10-21 03:31:20+00:00,242617,25325,https://t.co/WqGm6InNTp
Elon Musk,1583133885696987136,2022-10-20 16:31:46+00:00,78489,5510,Congrats to @SpaceX team on 48th launch this year! Falcon 9 now holds record for most launches of a single vehicle type in a year.
Elon Musk,1582805523484680192,2022-10-19 18:46:58+00:00,403740,35518,"I will not let you down, no matter what it takes"
Elon Musk,1582778449583693836,2022-10-19 16:59:23+00:00,54446,5611,Vox Populi Vox Dei
Elon Musk,1582576552797081607,2022-10-19 03:37:07+00:00,100652,8221,Internet in airplanes will feel same as if you were accessing Internet at home! https://t.co/Mfl2ixYnJH
Elon Musk,1582547658039623680,2022-10-19 01:42:18+00:00,47185,3375,"28,700 bottles of exquisite Burnt Hair perfume already sold!   Only 1,300 left of this unique, limited edition, collector‚Äôs item. https://t.co/Gh2Zg7B5qX"
Elon Musk,1582379931983499264,2022-10-18 14:35:49+00:00,55929,5263,Drone War I https://t.co/erVME0CbbN
Elon Musk,1581986552246603776,2022-10-17 12:32:40+00:00,59413,8248,Exceptionally well-said https://t.co/UT8fXG0MeF
Elon Musk,1581901615552155648,2022-10-17 06:55:10+00:00,63540,5390,Are there others that want to donate Starlinks to places in need? https://t.co/M0ASMenMRD
Elon Musk,1581764872702132224,2022-10-16 21:51:48+00:00,66631,4117,Deus X Machina
Elon Musk,1581652738768654338,2022-10-16 14:26:13+00:00,242870,22185,So true https://t.co/PwmxUVU2Fc
Elon Musk,1581514716890865664,2022-10-16 05:17:46+00:00,46602,2980,Fancy a game of meme tennis? https://t.co/d9tqIlg7nB
Elon Musk,1581508126595244032,2022-10-16 04:51:35+00:00,93760,5038,Did you hear about the dyslexic KBG agent ‚Äì it‚Äôs pot secret!
Elon Musk,1581490395149926404,2022-10-16 03:41:07+00:00,32541,2066,Pitching my idea once again for a crossover of Das Boot &amp; Boss Baby.  ‚ÄúDas Baby‚Äù ‚Äì Hijinks on the high seas! https://t.co/FieRmSthp2
Elon Musk,1581345747777179651,2022-10-15 18:06:20+00:00,508939,38687,"The hell with it ‚Ä¶ even though Starlink is still losing money &amp; other companies are getting billions of taxpayer $, we‚Äôll just keep funding Ukraine govt for free"
Elon Musk,1581026283303362560,2022-10-14 20:56:54+00:00,25540,2910,Yay!! https://t.co/lviRHDJZRB
Elon Musk,1580390454130266112,2022-10-13 02:50:21+00:00,192671,8943,"20,000!!"
Elon Musk,1580350143445942272,2022-10-13 00:10:10+00:00,303527,19422,https://t.co/WLVh5zBiO5
Elon Musk,1580312743563104256,2022-10-12 21:41:33+00:00,26804,2045,"We might need a different name, as this is basically just Starlink with roaming capability, so you can take your terminal anywhere. https://t.co/gnH0YPPVOS"
Elon Musk,1580304724082843648,2022-10-12 21:09:41+00:00,580539,42353,"Please buy my perfume, so I can buy Twitter"
Elon Musk,1580056291082280960,2022-10-12 04:42:30+00:00,79198,3894,"10,000 bottles of Burnt Hair sold!"
Elon Musk,1579994860802932736,2022-10-12 00:38:24+00:00,65804,3248,Over 5000 bottles of Burnt Hair sold!
Elon Musk,1579974961267060738,2022-10-11 23:19:19+00:00,240772,29573,https://t.co/WDtHXqgUPx
Elon Musk,1579974298156306432,2022-10-11 23:16:41+00:00,228939,11746,"With a name like mine, getting into the fragrance business was inevitable ‚Äì why did I even fight it for so long!?"
Elon Musk,1579971705447256064,2022-10-11 23:06:23+00:00,128419,11563,The finest fragrance on Earth! https://t.co/ohjWxNX5ZC https://t.co/0J1lmREOBS
Elon Musk,1579938196095655936,2022-10-11 20:53:14+00:00,155883,10857,Maybe one day we can finally achieve https://t.co/jKBu2wJIDA
Elon Musk,1579934616429158400,2022-10-11 20:39:00+00:00,68433,5063,https://t.co/Q31B9x4RCH
Elon Musk,1579114131155623936,2022-10-09 14:18:42+00:00,65959,4163,Coming soon from The @BoringCompany https://t.co/cNIbFRRXyt
Elon Musk,1579099265401778176,2022-10-09 13:19:37+00:00,96034,10428,An eye for an eye leaves everyone blind https://t.co/pQztPvR4uI
Elon Musk,1579067179659845633,2022-10-09 11:12:07+00:00,102441,7285,https://t.co/VvGa39qAyE
Elon Musk,1578387441332928513,2022-10-07 14:11:05+00:00,41971,3014,In case you missed Tesla AI Day 2022 https://t.co/Sbu0peXpY1
Elon Musk,1578277238465712128,2022-10-07 06:53:11+00:00,57083,6236,SpaceX Dragon docking with @Space_Station (extended video) https://t.co/AFBDKHddgI
Elon Musk,1578170980283076608,2022-10-06 23:50:57+00:00,361232,30029,Excited to announce start of production of Tesla Semi Truck with deliveries to @Pepsi on Dec 1st! https://t.co/gq0l73iGRW
Elon Musk,1578055594573004800,2022-10-06 16:12:27+00:00,77381,4929,Starlink view of 2nd stage deorbit burn https://t.co/kbLv95bAK7
Elon Musk,1577880686282919937,2022-10-06 04:37:25+00:00,215712,18121,War is the ultimate Supreme Court
Elon Musk,1577831304711774210,2022-10-06 01:21:12+00:00,41497,3063,"Another batch of Starlinks in orbit, 7 hours after the astronaut launch https://t.co/mQshEY16RP"
Elon Musk,1577428272056389633,2022-10-04 22:39:41+00:00,420977,36086,"Buying Twitter is an accelerant to creating X, the everything app"
Elon Musk,1576994262226702336,2022-10-03 17:55:05+00:00,97701,17350,Let‚Äôs try this then: the will of the people who live in the Donbas &amp; Crimea should decide whether they‚Äôre part of Russia or Ukraine
Elon Musk,1576969255031296000,2022-10-03 16:15:43+00:00,99903,20469,"Ukraine-Russia Peace:  - Redo elections of annexed regions under UN supervision. Russia leaves if that is will of the people.  - Crimea formally part of Russia, as it has been since 1783 (until Khrushchev‚Äôs mistake).  - Water supply to Crimea assured.  - Ukraine remains neutral."
Elon Musk,1576840676284960769,2022-10-03 07:44:48+00:00,250844,34565,https://t.co/cGHSTdb9gv
Elon Musk,1576715982172667904,2022-10-02 23:29:18+00:00,148802,8515,https://t.co/inO8f1q38o
Elon Musk,1576709529219260419,2022-10-02 23:03:40+00:00,70957,4289,Prufrock II emerging from the ground https://t.co/csamCrmAZa
Elon Musk,1576645588833415168,2022-10-02 18:49:35+00:00,100108,8120,Do not let ancient grudge break to new mutiny
Elon Musk,1576531246980956161,2022-10-02 11:15:14+00:00,232752,13620,https://t.co/HdUl0etoao
Elon Musk,1576383741479768066,2022-10-02 01:29:06+00:00,23602,2587,Recording of Tesla AI Day 2022  https://t.co/7LR51x7pXa
Elon Musk,1576079918806376449,2022-10-01 05:21:49+00:00,98192,5103,ü§ñ üñ§ https://t.co/eNhVVztXHM
Elon Musk,1576046445764825088,2022-10-01 03:08:48+00:00,512618,32689,https://t.co/PHa7kKhFoT
Elon Musk,1576045629821702144,2022-10-01 03:05:34+00:00,107679,7379,"Naturally, there will be a catgirl version of our Optimus robot"
Elon Musk,1576038326364053504,2022-10-01 02:36:33+00:00,52115,4021,"The point of AI Day is to show the immense depth &amp; breadth of Tesla in AI, compute hardware &amp; robotics"
Elon Musk,1575972110945558528,2022-09-30 22:13:26+00:00,16976,1732,Webcast link https://t.co/TrtjKph4Mk
Elon Musk,1575970770584379392,2022-09-30 22:08:06+00:00,41715,3185,Tesla AI Day 2022 starts at precisely 6:15pm California time
Elon Musk,1575508498430820352,2022-09-29 15:31:12+00:00,207343,14562,"Cybertruck will be waterproof enough to serve briefly as a boat, so it can cross rivers, lakes &amp; even seas that aren‚Äôt too choppy"
Elon Musk,1575499184764899328,2022-09-29 14:54:11+00:00,50858,4503,"Note, this event is meant for recruiting AI &amp; robotics engineers, so will be highly technical https://t.co/BcxAEv6qJd"
Elon Musk,1575270119881601024,2022-09-28 23:43:58+00:00,47614,4431,Starlink Maritime system enables high speed Internet connectivity even in heavy seas &amp; hurricane winds https://t.co/6R4p73UGOT
Elon Musk,1575268810109505536,2022-09-28 23:38:46+00:00,43969,3832,Last coal shipment arrived in Hawaii at same time as Tesla Megapack batteries that will enable 24/7 sustainable energy https://t.co/zlqJHLsAQq
Elon Musk,1575021541103874048,2022-09-28 07:16:12+00:00,159011,13993,https://t.co/mEBAgBCCkj
Elon Musk,1574901832622612480,2022-09-27 23:20:31+00:00,53391,3845,Make ‚Äúhair on fire‚Äù not just a metaphor
Elon Musk,1574897832095408128,2022-09-27 23:04:38+00:00,47288,3553,https://t.co/1hbMzueALi
Elon Musk,1574895951973449729,2022-09-27 22:57:09+00:00,44300,2408,‚ÄúBurnt Hair‚Äù ‚Äì Scent for Men by Singed
Elon Musk,1574803555873345536,2022-09-27 16:50:00+00:00,112343,7320,"My son, Saxon, was amazed that so many paper newspapers are still produced every day.   He said they probably just search the Internet &amp; print it out. Yup, with rare exception, that is *actually* what they do haha."
Elon Musk,1574794308523380744,2022-09-27 16:13:16+00:00,600495,46903,https://t.co/RcKPRe8eiM
Elon Musk,1574773851523022850,2022-09-27 14:51:58+00:00,89661,7214,"Falcon 9 fairing cam captures 2nd stage plume, booster entry burn &amp; Earth in twilight https://t.co/ga9MpZKvK2"
Elon Musk,1574120217411604481,2022-09-25 19:34:40+00:00,238889,22169,https://t.co/2wpp3F31jA
Elon Musk,1574112663864430593,2022-09-25 19:04:39+00:00,153400,11527,Starlink now over 1M user terminals manufactured
Elon Musk,1573144936756965376,2022-09-23 02:59:15+00:00,130974,12645,Starlink connecting schools in the Amazon https://t.co/Xy70D0sk8N
Elon Musk,1571966834659794947,2022-09-19 20:57:53+00:00,45263,3182,"FSD Beta 10.69.2.1 looks good, extending to 160k owners in US &amp; Canada"
Elon Musk,1571945690867331072,2022-09-19 19:33:52+00:00,35351,2806,"Baltasar Graci√°n, Or√°culo Manual y Arte de Prudencia"
Elon Musk,1571929797185667072,2022-09-19 18:30:43+00:00,137815,10467,7 engine static fire https://t.co/sOm8Jx8rJq
Elon Musk,1571748448591814657,2022-09-19 06:30:06+00:00,208156,14991,"starry, starry night  paint your palette blue and gray https://t.co/iUm9pzfDGc"
Elon Musk,1571702286854004736,2022-09-19 03:26:40+00:00,117374,12733,"Starlink is now active on all continents, including Antarctica  https://t.co/Q1VvqV5G0i"
Elon Musk,1571337302416437252,2022-09-18 03:16:21+00:00,258851,21394,https://t.co/VDcpkjm56j
Elon Musk,1570952805833379840,2022-09-17 01:48:30+00:00,221257,12016,Starlink is meant for peaceful use only
Elon Musk,1569953613073764352,2022-09-14 07:38:04+00:00,130644,7085,"Salted butter is amazing, but should be stored at room temperature https://t.co/8RSr340JB8"
Elon Musk,1569898054257639427,2022-09-14 03:57:18+00:00,291992,19915,https://t.co/xMoL9wdXh6
Elon Musk,1569823898442829826,2022-09-13 23:02:37+00:00,51923,3555,Blow the whistle! https://t.co/RQLDti0ULZ
Elon Musk,1569760174704926723,2022-09-13 18:49:25+00:00,38918,2847,https://t.co/qjjDVyOszp
Elon Musk,1569749150555594753,2022-09-13 18:05:36+00:00,130861,9198,My tweets are being suppressed!
Elon Musk,1569744148881866758,2022-09-13 17:45:44+00:00,19357,2013,Anyone know who the secret clients are? Let‚Äôs out them on Twitter rn haha. https://t.co/g8D1mQZLRv
Elon Musk,1569730467322019842,2022-09-13 16:51:22+00:00,21108,1277,Rome show is underappreciated https://t.co/oqd3B6O5Mw
Elon Musk,1569699453786898432,2022-09-13 14:48:08+00:00,49851,3746,üçø
Elon Musk,1569480022481567749,2022-09-13 00:16:11+00:00,371562,29070,Take a moment to ‚Ä¶ https://t.co/R3hK5u4UW6
Elon Musk,1569417348179759107,2022-09-12 20:07:08+00:00,179464,14150,Won‚Äôt be long before we view gasoline cars the same way we view steam engines today
Elon Musk,1569076207194365953,2022-09-11 21:31:34+00:00,46799,3196,"FSD Beta 10.69.2 rolling out now. Please note that top priority is safety, so expect it to be overly cautious, especially around pedestrians."
Elon Musk,1568796529690902529,2022-09-11 03:00:14+00:00,180368,11891,Falcon arching to orbit https://t.co/m7grug8FV9
Elon Musk,1568788727014752257,2022-09-11 02:29:13+00:00,46434,3480,No obvious limit to rocket reflight so far https://t.co/rBrcyjxJea
Elon Musk,1568386909793325060,2022-09-09 23:52:33+00:00,140843,10078,Take Materials Science 101. You won‚Äôt regret it.
Elon Musk,1568383953370767365,2022-09-09 23:40:48+00:00,83770,6080,A major Fed rate hike risks deflation
Elon Musk,1568364238451740674,2022-09-09 22:22:27+00:00,38882,2234,Tesla North America aiming for &gt;50% same hour service
Elon Musk,1567805472039747585,2022-09-08 09:22:07+00:00,107503,15847,And remember üíï https://t.co/unsJK0CjM9
Elon Musk,1567367045435609089,2022-09-07 04:19:58+00:00,75674,4258,‚ÄúThat‚Äôs not punny!‚Äù
Elon Musk,1566936909980614662,2022-09-05 23:50:46+00:00,46747,4507,Order a Tesla Powerwall battery for blackout protection! https://t.co/tEE4LDBD78
Elon Musk,1566849074762059777,2022-09-05 18:01:44+00:00,286070,27171,Tolkien is turning in his grave
Elon Musk,1565883786847326209,2022-09-03 02:06:02+00:00,82279,6804,https://t.co/L8gLdGE74c
Elon Musk,1565189065158311937,2022-09-01 04:05:27+00:00,92340,10802,Sure sounds higher than 5%!  https://t.co/Va7TxxzoI6
Elon Musk,1564993132873146368,2022-08-31 15:06:53+00:00,59786,4966,Now launching every ~5 days https://t.co/KJYG5CKPYx
Elon Musk,1564747303646265346,2022-08-30 22:50:03+00:00,114135,5431,Spent the day walking entire Giga Berlin production line ‚Äì team is doing excellent work!
Elon Musk,1564744331554131971,2022-08-30 22:38:14+00:00,65809,4881,Kickass Internet connection coming Royal Caribbean ships soon! https://t.co/8qJRiUuNah
Elon Musk,1564038071997300740,2022-08-28 23:51:49+00:00,53611,5226,This will happen again ‚Äì just a matter of time https://t.co/HeyZhZbAih
Elon Musk,1564033992243945474,2022-08-28 23:35:36+00:00,50883,4487,Godspeed Artemis! https://t.co/8rZSQPamBf
Elon Musk,1563948078415024129,2022-08-28 17:54:13+00:00,203760,12501,"From time to time, I will share some things that seem to be working for me, in case you find it helpful"
Elon Musk,1563944510358712321,2022-08-28 17:40:02+00:00,196878,12804,"On advice of a good friend, I‚Äôve been fasting periodically &amp; feel healthier"
Elon Musk,1563760585363185664,2022-08-28 05:29:11+00:00,34997,2563,Squeezing extra performance out of Falcon 9 ‚Äì almost at 17 metric tons to an actual useful orbit with booster &amp; fairing reusable! https://t.co/vgHsmaSj7d
Elon Musk,1563292201043431424,2022-08-26 22:27:59+00:00,299779,34424,Countries should be increasing nuclear power generation! It is insane from a national security standpoint &amp; bad for the environment to shut them down.
Elon Musk,1563020169160851456,2022-08-26 04:27:02+00:00,350195,40175,Population collapse due to low birth rates is a much bigger risk to civilization than global warming
Elon Musk,1562956451538014209,2022-08-26 00:13:51+00:00,197278,20445,"Starlink V2, launching next year, will transmit direct to mobile phones, eliminating dead zones worldwide"
Elon Musk,1562935219644235776,2022-08-25 22:49:28+00:00,26374,2546,Livestream of big news in about an hour https://t.co/LSMIRYBxHH
Elon Musk,1562477813613047811,2022-08-24 16:31:54+00:00,42541,4223,This is something special https://t.co/LSMIRYT8zf
Elon Musk,1562340989775511552,2022-08-24 07:28:13+00:00,33685,3125,The course of civilization is not always upward https://t.co/8mr7pFWcnI
Elon Musk,1562314849912119296,2022-08-24 05:44:21+00:00,158865,11063,Mechazilla loads Starship on launchpad https://t.co/LfkfjpAcZj
Elon Musk,1562105413977493504,2022-08-23 15:52:07+00:00,95474,6576,https://t.co/KsWiazActx
Elon Musk,1561608534629965826,2022-08-22 06:57:42+00:00,93247,6596,Neuralink progress update show &amp; tell on October 31 st (Halloween)
Elon Musk,1561607860101996544,2022-08-22 06:55:01+00:00,75210,5853,"2 main goals this year:   - Starship to orbit - FSD wide release  Many other things, of course, but those are the 2 giant kahunas. Will require insane work by many super talented people, but, if anyone can do it, they can.   It is an honor to work with such awesome human beings."
Elon Musk,1561475238705401856,2022-08-21 22:08:02+00:00,269466,15895,üëø https://t.co/hdzRzphcii
Elon Musk,1561362640261226499,2022-08-21 14:40:36+00:00,38733,3064,"After wide release of FSD Beta 10.69.2, price of FSD will rise to $15k in North America on September 5th.   Current price will be honored for orders made before Sept 5th, but delivered later."
Elon Musk,1561361064163516417,2022-08-21 14:34:21+00:00,23845,2038,FSD Beta 10.69 started rolling out to Tesla owners last night. This build is a big step forward!  10.69.1 probably end of week with wider release.  1069.2 in a few weeks should be good enough to provide to all FSD Beta participants.
Elon Musk,1560720224588120064,2022-08-19 20:07:52+00:00,149164,7454,"Nice letter from Bill Nix, who would‚Äôve been my prof at Stanford if I hadn‚Äôt put grad studies on (permanent) deferment https://t.co/ioq0mGwN7K"
Elon Musk,1560508081729044480,2022-08-19 06:04:54+00:00,555371,30811,Still so grateful ü•π https://t.co/EhdyXw4fqN
Elon Musk,1560466783567478784,2022-08-19 03:20:47+00:00,218167,16478,https://t.co/KBjnfkU4ia
Elon Musk,1559832948538482690,2022-08-17 09:22:09+00:00,92244,5706,üé∂ This Magic Moment üé∂
Elon Musk,1559823434028400640,2022-08-17 08:44:21+00:00,723743,78051,Being a Mom is just as important as any career
Elon Musk,1559814335320432642,2022-08-17 08:08:12+00:00,23331,1529,Highly Recommend https://t.co/nrDZ4gJqEE
Elon Musk,1559766938498236416,2022-08-17 04:59:51+00:00,153255,8623,Standup is my side-hustle
Elon Musk,1559690651687608321,2022-08-16 23:56:43+00:00,361129,20572,"To be clear, I support the left half of the Republican Party and the right half of the Democratic Party!"
Elon Musk,1558867758368133122,2022-08-14 17:26:50+00:00,156786,9979,Congrats Giga Shanghai on making millionth car! Total Teslas made now over 3M. https://t.co/2Aee6slCuv
Elon Musk,1558636751370928128,2022-08-14 02:08:54+00:00,239015,21629,Just Read The Instructions https://t.co/BWYzSEE0Q8
Elon Musk,1558303186326265857,2022-08-13 04:03:26+00:00,92969,6529,Adding the 13 inner engines https://t.co/ooOFEGl0Hr
Elon Musk,1558292789959561220,2022-08-13 03:22:07+00:00,30578,2451,Another orbital plane of polar satellites https://t.co/UDl6wStLuT
Elon Musk,1557957132707921920,2022-08-12 05:08:20+00:00,360455,23945,This will be Mars one day https://t.co/nf4hML8dKx
Elon Musk,1557943469984956417,2022-08-12 04:14:03+00:00,664422,47040,but have u seen my sex tape https://t.co/aCBqIRz4sH
Elon Musk,1557764571565240320,2022-08-11 16:23:10+00:00,132618,8972,Starship B7 static fire https://t.co/taBpsd9LSV
Elon Musk,1557759290219171841,2022-08-11 16:02:11+00:00,256402,38184,Fate üñ§ Irony https://t.co/RHZ9BEws7k
Elon Musk,1557602903791214593,2022-08-11 05:40:45+00:00,252644,24652,deep thot https://t.co/0EcPd30QAs
Elon Musk,1557602588186578944,2022-08-11 05:39:30+00:00,521175,40334,https://t.co/UfZdHZvtAA
Elon Musk,1557239006965821440,2022-08-10 05:34:46+00:00,29075,3004,8 years ago https://t.co/HPK5R5UMS6
Elon Musk,1557235342570229760,2022-08-10 05:20:12+00:00,36214,3399,Wrote this 6 years ago https://t.co/r9GdXpCtZU
Elon Musk,1557200629365293056,2022-08-10 03:02:16+00:00,192860,12441,https://t.co/67gqPGe7Ph
Elon Musk,1557199901737373696,2022-08-10 02:59:22+00:00,32640,2577,Quite the day https://t.co/UYQZwCvgk7
Elon Musk,1556348857625092096,2022-08-07 18:37:37+00:00,107270,10261,https://t.co/1duQL9NU2E
Elon Musk,1556181455570714624,2022-08-07 07:32:26+00:00,67460,5012,FSD Beta 10.69 drops on 8/20
Elon Musk,1556020160082939906,2022-08-06 20:51:30+00:00,40916,3705,Saxon James Musk https://t.co/d7FKw4iQIU
Elon Musk,1555951580339372032,2022-08-06 16:18:59+00:00,66387,7113,Less than 5% of Twitter daily users are fake/spam
Elon Musk,1555726190450659328,2022-08-06 01:23:22+00:00,145883,9015,Moving rocket to launch pad https://t.co/nPVq1tyLoy
Elon Musk,1555628746719211520,2022-08-05 18:56:10+00:00,66220,4051,Hustling to get Starship Booster 7 back to pad to test outer ring of 20 engines
Elon Musk,1555572717591699456,2022-08-05 15:13:31+00:00,43847,4639,Full Send Podcast https://t.co/01FmxYRrVr
Elon Musk,1555442024127537153,2022-08-05 06:34:11+00:00,90894,4610,Thank goodness for Senator Manchin
Elon Musk,1554616046040059909,2022-08-02 23:52:03+00:00,100583,6750,The ratio of digital to biological compute is growing fast. Worth tracking.
Elon Musk,1554588005511434240,2022-08-02 22:00:38+00:00,30244,3334,Just came across this pretty good CNBC piece on SpaceX &amp; Starship https://t.co/RELYzC40M9
Elon Musk,1554335028313718784,2022-08-02 05:15:23+00:00,46541,5069,Worth reading. This is a close match for my philosophy. https://t.co/cWEM6QBobY
Elon Musk,1554230257997209601,2022-08-01 22:19:04+00:00,26926,2210,Still time to vote! https://t.co/ZbFWv0pkgG
Elon Musk,1554219847898333184,2022-08-01 21:37:42+00:00,202277,15962,https://t.co/2Ck4z96NFM
Elon Musk,1553985248878379008,2022-08-01 06:05:29+00:00,405251,13588,Thanksgiving last year after watching one too many episodes of Vikings https://t.co/ra7lijKRhD
Elon Musk,1553871275751362560,2022-07-31 22:32:36+00:00,149390,10821,"If our reality is actually an alien soap opera, our ratings would be üöÄüí•üí´"
Elon Musk,1553747872373522432,2022-07-31 14:22:14+00:00,382353,44708,Maybe free some people in jail for weed here too? https://t.co/AYo0ZC79lZ
Elon Musk,1553567946135556096,2022-07-31 02:27:16+00:00,30130,2716,Off to the Races set to Harley Quinn https://t.co/79XaBOxAKk
Elon Musk,1553384946219229184,2022-07-30 14:20:06+00:00,168759,14502,"Some people are no nonsense, but, personally, I like a little nonsense"
Elon Musk,1553380278407675905,2022-07-30 14:01:33+00:00,266886,17538,Tesla + Twitter -&gt; Twizzler
Elon Musk,1553377779810459648,2022-07-30 13:51:37+00:00,134777,7702,Interaction with almost all twitter accounts seem to be much lower in recent weeks &amp; days. Accurate?
Elon Musk,1553276763148517377,2022-07-30 07:10:13+00:00,45990,3136,Saxon https://t.co/UTh4uqIEYP
Elon Musk,1553202141736706050,2022-07-30 02:13:42+00:00,72912,4795,Friend made this for me 2 years ago https://t.co/XzlmpmPNT7
Elon Musk,1553195274264354816,2022-07-30 01:46:25+00:00,158198,9949,Try voice command ‚Äúopen butthole‚Äù on your Tesla
Elon Musk,1553194589623918593,2022-07-30 01:43:41+00:00,339783,28320,https://t.co/Uo30yDO3tJ
Elon Musk,1553170788454465536,2022-07-30 00:09:07+00:00,66398,4278,Heatwave in Shortville ü•µ
Elon Musk,1553029208057810945,2022-07-29 14:46:31+00:00,95999,5423,"I can‚Äôt say for sure that Starship will reach escape velocity, but my hubris certainly has"
Elon Musk,1552813560320901122,2022-07-29 00:29:37+00:00,160456,10948,Inflation might be trending down
Elon Musk,1552501701994758145,2022-07-28 03:50:24+00:00,270352,20710,Much harder to make friends than enemies. My skill at the latter is improving.
Elon Musk,1552324811153707018,2022-07-27 16:07:30+00:00,335902,39605,The media is a click-seeking machine dressed up as a truth-seeking machine
Elon Musk,1552317587694010368,2022-07-27 15:38:48+00:00,160581,16204,"A new philosophy of the future is needed. I believe it should be curiosity about the Universe ‚Äì expand humanity to become a multiplanet, then interstellar, species to see what‚Äôs out there."
Elon Musk,1551698120328749056,2022-07-25 22:37:15+00:00,380996,20000,"The amount of attention on me has gone supernova, which super sucks. Unfortunately, even trivial articles about me generate a lot of clicks :(  Will try my best to be heads down focused on doing useful things for civilization."
Elon Musk,1551668848000114689,2022-07-25 20:40:56+00:00,211721,12379,All Teslas come with a free karaoke app https://t.co/mZa3WmhyPL
Elon Musk,1551557938573189120,2022-07-25 13:20:13+00:00,71467,5909,"Single-piece casting reduces weight, greatly simplifies factory, increases ride quality &amp; reduces road noise https://t.co/hJw4KLpfDg"
Elon Musk,1551449829926207490,2022-07-25 06:10:38+00:00,222848,10928,What video games have you enjoyed most over past year or two?
Elon Musk,1551418072866717697,2022-07-25 04:04:27+00:00,74777,3923,Movie idea: Boss Baby meets Das Boot Das Baby ‚Äì ‚ÄúHijinks on the High Seas!‚Äù
Elon Musk,1551338477844779008,2022-07-24 22:48:10+00:00,40220,3315,The dark origin of the lemming mass suicide myth ‚Ä¶ https://t.co/wn7vg2mUjr
Elon Musk,1551059005560172544,2022-07-24 04:17:38+00:00,36324,2849,From SJM https://t.co/t6xAiMyz9m
Elon Musk,1551054131413991424,2022-07-24 03:58:16+00:00,317471,20223,https://t.co/TpGbs06lnT
Elon Musk,1551043059701657601,2022-07-24 03:14:17+00:00,62424,3026,Gehalt und Gestalt
Elon Musk,1550816088300179459,2022-07-23 12:12:22+00:00,106344,6512,Excited to work with Tesla Service to enable same-hour service as often as possible! Applying Formula 1 pit crew techniques to Teslas.
Elon Musk,1550556670337630209,2022-07-22 19:01:32+00:00,70496,6642,Starlink now available in 36 countries! https://t.co/nH1zPfd2Om
Elon Musk,1550556341827211265,2022-07-22 19:00:14+00:00,45862,2934,Congrats to SpaceX team on record number of launches! https://t.co/nb8ozrbqZ5
Elon Musk,1550474712714805250,2022-07-22 13:35:52+00:00,266688,19291,Optimus Primed https://t.co/DMIPaIYevN
Elon Musk,1549959479621324802,2022-07-21 03:28:31+00:00,407202,31670,ü•á https://t.co/VlSpfXZdp9
Elon Musk,1549447559713890306,2022-07-19 17:34:20+00:00,106191,7288,One of the best features of Model X https://t.co/zUTcSD7fiz
Elon Musk,1549422655656275968,2022-07-19 15:55:22+00:00,110441,6251,Congrats to Tesla Fremont + Giga Nevada for making their 2 millionth car!
Elon Musk,1549288086944845825,2022-07-19 07:00:38+00:00,33780,3023,Please vote your shares with Tesla! https://t.co/ZbFWv0pkgG
Elon Musk,1549126205529628672,2022-07-18 20:17:23+00:00,352534,29234,https://t.co/8IYBfjFact
Elon Musk,1547927887734456322,2022-07-15 12:55:42+00:00,225663,19594,"Tesla is to protect life on Earth, SpaceX to extend life beyond."
Elon Musk,1547919176299270146,2022-07-15 12:21:05+00:00,146371,8662,"Mars may be a fixer upper of a planet, but it has great potential!"
Elon Musk,1547793837443035136,2022-07-15 04:03:02+00:00,627331,46992,https://t.co/ozWk7GxcEu
Elon Musk,1547743421581864963,2022-07-15 00:42:42+00:00,49814,3898,Dragon launching in 2 mins https://t.co/DBQDCbBy6B
Elon Musk,1547238325907513346,2022-07-13 15:15:37+00:00,491761,52930,A+ for cinematography https://t.co/anGjQKbq5W
Elon Musk,1547093032301985794,2022-07-13 05:38:17+00:00,112645,6725,Starship launch site tonight https://t.co/Len70RGCNf
Elon Musk,1547028854161788929,2022-07-13 01:23:15+00:00,95311,5147,Excited about @NASAWebb potential!
Elon Musk,1546980241494745100,2022-07-12 22:10:05+00:00,223431,12705,Oh the irony lol
Elon Musk,1546666417759653888,2022-07-12 01:23:04+00:00,78537,4872,Tesla‚Äôs automatic cabin overheat protection should make a real difference with record heatwaves.  Ability to adjust activation temperature coming with next software release.
Elon Musk,1546598042844991489,2022-07-11 20:51:22+00:00,300095,18069,https://t.co/mvVUR4doqB
Elon Musk,1546518224887496705,2022-07-11 15:34:12+00:00,367204,29746,"For improved quality of sleep, raise head of your bed by about 3‚Äù or 5cm and don‚Äôt eat 3 hours before bedtime"
Elon Musk,1546367753870770177,2022-07-11 05:36:17+00:00,54990,4699,These polar launches will enable complete coverage of Earth (where approved by local government) https://t.co/0ssHobwdp3
Elon Musk,1546345773348147201,2022-07-11 04:08:56+00:00,359574,25655,https://t.co/d5tSnoDs5s
Elon Musk,1546344529460174849,2022-07-11 04:04:00+00:00,1128087,126719,https://t.co/JcLMee61wj
Elon Musk,1545166492408328193,2022-07-07 22:02:54+00:00,135998,7478,Super fired up for future product development with our awesome Tesla team! Such an honor to work with them.
Elon Musk,1545150462214623232,2022-07-07 20:59:12+00:00,102139,7820,Starlink for boats! https://t.co/BQujU8Ngna
Elon Musk,1545051509020192768,2022-07-07 14:26:00+00:00,119170,6395,Maybe Tesla should make a highly configurable Robovan for people &amp; cargo?
Elon Musk,1545049944796516357,2022-07-07 14:19:47+00:00,258620,16349,I hope you have big families and congrats to those who already do!
Elon Musk,1545049435654172675,2022-07-07 14:17:45+00:00,302133,17494,Population of Mars is still zero people!
Elon Musk,1545046146548019201,2022-07-07 14:04:41+00:00,263872,24405,Doing my best to help the underpopulation crisis.   A collapsing birth rate is the biggest danger civilization faces by far.
Elon Musk,1544790652969533441,2022-07-06 21:09:27+00:00,36760,3874,"Highly recommend Revolutions by Mike Duncan, especially Season 10 https://t.co/LoJXYL2HTU"
Elon Musk,1544636989647032321,2022-07-06 10:58:50+00:00,577769,46058,Humanity will reach Mars in your lifetime
Elon Musk,1544615634453020673,2022-07-06 09:33:59+00:00,100493,5818,Flatulence Earther
Elon Musk,1544376599134494729,2022-07-05 17:44:09+00:00,55423,2866,A veritable ‚Äúsock aficionado‚Äù
Elon Musk,1544374564255309826,2022-07-05 17:36:03+00:00,93363,4521,I must confess to a penchant for creative socks
Elon Musk,1544059562864640011,2022-07-04 20:44:21+00:00,160846,8574,Elvis is just Elvish without an h
Elon Musk,1544052094419832836,2022-07-04 20:14:41+00:00,285797,15685,Happy July 4th! https://t.co/KYN2XO712Z
Elon Musk,1544051155562598401,2022-07-04 20:10:57+00:00,308173,31330,https://t.co/sUrsfucQ2F
Elon Musk,1543050489050402816,2022-07-02 01:54:39+00:00,306803,18340,Honored to meet @Pontifex yesterday https://t.co/sLZY8mAQtd
Elon Musk,1543047940683464705,2022-07-02 01:44:32+00:00,239708,8489,"Venice, a site of Great Remembrance https://t.co/GWR3xqsoQW"
Elon Musk,1543046762021228544,2022-07-02 01:39:51+00:00,332480,20246,Feeling ‚Ä¶ perhaps ‚Ä¶ a little bored?
Elon Musk,1543046254397009922,2022-07-02 01:37:50+00:00,164894,14178,Wise words from SJM https://t.co/snVNttsvn1
Elon Musk,1539275446625476614,2022-06-21 15:53:59+00:00,752147,68143,https://t.co/YhpHKcCYXz
Elon Musk,1539031248638812160,2022-06-20 23:43:38+00:00,141799,14394,AI gets better every day https://t.co/Lz5XfXRJjh
Elon Musk,1538986794703781888,2022-06-20 20:46:59+00:00,182285,9490,What ‚Ä¶ is your favorite cheese?
Elon Musk,1538406040374595585,2022-06-19 06:19:16+00:00,384978,35564,I will keep supporting Dogecoin
Elon Musk,1538403887635390465,2022-06-19 06:10:43+00:00,88783,4929,üíïüíï shadow crew üíïüíï
Elon Musk,1538397546510426112,2022-06-19 05:45:31+00:00,430778,30157,Happy Father‚Äôs Day
Elon Musk,1538394661483687936,2022-06-19 05:34:03+00:00,57197,4304,Congrats to SpaceX Falcon team for executing 3 flawless launches in 2 days! https://t.co/2MFmlkXmVz
Elon Musk,1538202890258591744,2022-06-18 16:52:02+00:00,148727,8100,We‚Äôre changing Starlink‚Äôs default wifi name to Stinky
Elon Musk,1538201177824931848,2022-06-18 16:45:13+00:00,89055,7107,"This is where  the writers are,  Of past, Present, And Future."
Elon Musk,1538196236896960512,2022-06-18 16:25:35+00:00,47976,3322,Feels like d√©j√† vu all over again haha https://t.co/ZokV7kPBV1
Elon Musk,1537997699793833985,2022-06-18 03:16:40+00:00,103644,6060,Congratulations to Giga Berlin team on making over 1000 cars in a week! https://t.co/TX8S4ozuxJ
Elon Musk,1537970070307020808,2022-06-18 01:26:53+00:00,77581,9345,"Watch the opening scene of Idiocracy.   When I ask my friends why they‚Äôre not yet having kids (very few are), it sounds exactly like the movie.  https://t.co/528L1mhHi1"
Elon Musk,1537962566638415872,2022-06-18 00:57:04+00:00,429012,33909,Is TikTok destroying civilization? Some people think so.
Elon Musk,1537906813797945347,2022-06-17 21:15:31+00:00,559449,40851,https://t.co/oD5D5CVe5A
Elon Musk,1537844931351531521,2022-06-17 17:09:38+00:00,131986,11211,"Our best landing video to date, thanks to Starlink! https://t.co/kAjA3mxBta"
Elon Musk,1537219088283381760,2022-06-15 23:42:45+00:00,166628,10254,"I‚Äôm dressing as a sink on Halloween, as they will have no choice but to let me in"
Elon Musk,1537122094147854339,2022-06-15 17:17:20+00:00,251115,12329,Original Top Gun is a great movie. Just rewatched. Looking forward to seeing the sequel.
Elon Musk,1536896085557399552,2022-06-15 02:19:15+00:00,152694,9784,Starship SN24 in the High Bay https://t.co/vDZ4yBV1MF
Elon Musk,1536874842783244288,2022-06-15 00:54:50+00:00,268960,21635,Cryptonight
Elon Musk,1536792520042102786,2022-06-14 19:27:43+00:00,506169,33851,https://t.co/adMlWpAfz1
Elon Musk,1536744900661755906,2022-06-14 16:18:30+00:00,133644,9626,"Don‚Äôt build moats, build tech trees"
Elon Musk,1536087736389599232,2022-06-12 20:47:10+00:00,275933,21244,Words are beautiful
Elon Musk,1536082514208604161,2022-06-12 20:26:25+00:00,124237,10356,True experts even read wiki citations https://t.co/MDU2oYmTpH
Elon Musk,1536057154544848901,2022-06-12 18:45:38+00:00,102391,5651,Make Austin weirder!
Elon Musk,1535749847944511490,2022-06-11 22:24:31+00:00,459033,46337,Humor is one of the great joys of life!
Elon Musk,1535478522550136834,2022-06-11 04:26:22+00:00,184182,13290,"33 Raptor rocket engines, each producing 230 metric tons of force https://t.co/flQLb62MgZ"
Elon Musk,1535145201903312896,2022-06-10 06:21:52+00:00,65773,5127,Play video games wherever you want https://t.co/qLgCbCcpIO
Elon Musk,1535132423876497410,2022-06-10 05:31:05+00:00,193867,15044,Real talk https://t.co/A0VPuWgzAg
Elon Musk,1534198302589128704,2022-06-07 15:39:14+00:00,637690,46643,https://t.co/2ELe1W5ZXC
Elon Musk,1534196611978383361,2022-06-07 15:32:30+00:00,627488,46249,YouTube seems to be nonstop scam ads
Elon Musk,1533857698575310848,2022-06-06 17:05:47+00:00,145618,7515,"What resolution is life in, 8k? ‚Äì SJM"
Elon Musk,1533619000986554368,2022-06-06 01:17:17+00:00,282337,19271,If chess was released as a video game https://t.co/8SuK8Mg7yT
Elon Musk,1533616384747442176,2022-06-06 01:06:53+00:00,170301,18746,The acid test for any two competing socioeconomic systems is which side needs to build a wall to keep people from escaping? That‚Äôs the bad one!
Elon Musk,1533606056756137985,2022-06-06 00:25:51+00:00,79725,6212,"Realized what I have in common with environmentalists, but also why they‚Äôre so annoyingly wrong:   They are conservationists of what is, whereas they should be conservationists of our potential over time, our cosmic endowment.  (From a friend)"
Elon Musk,1533603131606671361,2022-06-06 00:14:14+00:00,82420,5845,"O wonder! How many goodly creatures are there here! How beauteous mankind is! O brave new world, That has such people in't."
Elon Musk,1533413197629296640,2022-06-05 11:39:30+00:00,395415,30598,"Some hate humanity, but I love humanity so much"
Elon Musk,1533410745429413888,2022-06-05 11:29:45+00:00,124839,11815,"Making life multiplanetary expands the scope &amp; scale of consciousness.   It also enables us to backup the biosphere, protecting all life as we know it from a calamity on Earth.  Humanity is life‚Äôs steward, as no other species can transport life to Mars. We can‚Äôt let them down."
Elon Musk,1533408313894912001,2022-06-05 11:20:06+00:00,56974,6065,Deck from SpaceX all-hands update talk I gave last week https://t.co/ApsdPjjukh
Elon Musk,1533178078683357189,2022-06-04 20:05:13+00:00,82068,4808,"Working on Tesla North American service.   Goal is 2/3 of cars receive same-day service, no wait."
Elon Musk,1533161114586042369,2022-06-04 18:57:49+00:00,433878,73038,Only thing more remarkable than DOJ not leaking the list is that no one in the media cares. Doesn‚Äôt that seem odd? https://t.co/JEK4TErABB
Elon Musk,1533132430386896896,2022-06-04 17:03:50+00:00,43286,3765,Four Falcon Heavy flights later this year by an incredible team at SpaceX https://t.co/WUQ72lKZPe
Elon Musk,1532936274050486272,2022-06-04 04:04:22+00:00,97251,5492,Getty watermark is the coup de gr√¢ce https://t.co/c4SHu4zXrU
Elon Musk,1532933207276019712,2022-06-04 03:52:11+00:00,245184,21527,Diabolical! https://t.co/AJAJR8Nf3z
Elon Musk,1532906874386976769,2022-06-04 02:07:33+00:00,171733,10720,https://t.co/QKEyQkErh0
Elon Musk,1532899718401073152,2022-06-04 01:39:07+00:00,207525,34804,Johnny Rotten of The Sex Pistols https://t.co/u8v8KFUn7N
Elon Musk,1532710931590959104,2022-06-03 13:08:57+00:00,108228,7399,Los Angeles is fortunate to have someone like Rick Caruso running for mayor. He‚Äôs awesome.
Elon Musk,1532525711763841043,2022-06-03 00:52:57+00:00,125029,8689,"Tesla AI Day pushed to Sept 30, as we may have an Optimus prototype working by then"
Elon Musk,1532028817157591041,2022-06-01 15:58:28+00:00,63294,4725,Tesla scores 100/100 for 7th year in a row for LGBTQ equality  https://t.co/9wvCbgrtUE
Elon Musk,1531733235625074688,2022-05-31 20:23:56+00:00,62837,5354,10 years since SpaceX‚Äôs first mission to @Space_Station https://t.co/30xEtbXlT5
Elon Musk,1531647849599057921,2022-05-31 14:44:38+00:00,1409138,136458,https://t.co/G83vCrHHJf
Elon Musk,1531468200847736838,2022-05-31 02:50:47+00:00,461764,43518,Literally ‚Ä¶ https://t.co/DWKI71Wk9Z
Elon Musk,1531352393673318401,2022-05-30 19:10:36+00:00,90918,4015,Tesla Plaid S cruising around Austin with volume at 11 is sublime
Elon Musk,1531352163691204610,2022-05-30 19:09:41+00:00,67134,4151,Veridis Quo
Elon Musk,1531339927430090752,2022-05-30 18:21:04+00:00,500346,31785,I miss them https://t.co/nTZkFM1D3k
Elon Musk,1531322193010954240,2022-05-30 17:10:36+00:00,298500,23739,üëÄ https://t.co/F4B6ms5JiD
Elon Musk,1531279278624612352,2022-05-30 14:20:04+00:00,382351,34266,In remembrance of those who fell to preserve the light of freedom
Elon Musk,1531174382260961280,2022-05-30 07:23:15+00:00,227007,13990,https://t.co/zi2LE83iM1
Elon Musk,1531053815042134016,2022-05-29 23:24:09+00:00,419148,43659,Tomorrow will be the first sunrise of the rest of ur life ‚Äì make it what u want
Elon Musk,1531038815363670017,2022-05-29 22:24:33+00:00,115716,8445,"When thinking about deep time, what is more astounding is to think about how much time is ahead!"
Elon Musk,1531012101371744258,2022-05-29 20:38:24+00:00,86948,5323,Con te ‚Ä¶ partir√≤
Elon Musk,1530516552084234244,2022-05-28 11:49:16+00:00,376870,26475,https://t.co/u4wWMI5ymu
Elon Musk,1530380264966434823,2022-05-28 02:47:42+00:00,1185142,96587,https://t.co/USLO967YsJ
Elon Musk,1530291267652898816,2022-05-27 20:54:04+00:00,222287,17336,One Starlink can provide Internet for an entire school of hundreds of students
Elon Musk,1530234643219243009,2022-05-27 17:09:03+00:00,99805,15756,Starlink approved by Nigeria üá≥üá¨ &amp; Mozambique üá≤üáø https://t.co/Q1VvqVmJ2i
Elon Musk,1530210776027303937,2022-05-27 15:34:13+00:00,94736,10792,Starlink approved by The Philippines üáµüá≠ https://t.co/M1xjXUl473
Elon Musk,1530209049261658112,2022-05-27 15:27:21+00:00,196927,18574,"Tesla merch can be bought with Doge, soon SpaceX merch too"
Elon Musk,1530097076322717696,2022-05-27 08:02:25+00:00,335924,32732,https://t.co/m7PmXetcH8
Elon Musk,1530096334744588288,2022-05-27 07:59:28+00:00,163745,9171,https://t.co/2pKML7fcat
Elon Musk,1529996557289893888,2022-05-27 01:22:59+00:00,322074,21206,"Ya know, it‚Äôs pretty damn great to be able to talk to people from all walks of life and many countries on Twitter!  So much to be learned, even from the harshest critics.   Basically ‚Ä¶ I‚Äôm just saying I love all you crazy people ‚ô•Ô∏è‚ô•Ô∏è"
Elon Musk,1529974275180052480,2022-05-26 23:54:27+00:00,177362,30421,Who do you trust less? Real question.
Elon Musk,1529961091656212514,2022-05-26 23:02:04+00:00,150412,8963,Use of the word ‚Äúbillionaire‚Äù as a pejorative is morally wrong &amp; dumb üòõ
Elon Musk,1529869999803965446,2022-05-26 17:00:06+00:00,185329,11976,Jack off the board!
Elon Musk,1529864162804899843,2022-05-26 16:36:54+00:00,514062,53862,Politics is a sadness generator
Elon Musk,1529631046454677505,2022-05-26 01:10:35+00:00,213949,13055,Landed back at Cape Canaveral (Humans for scale) https://t.co/itiQ48JYmk
Elon Musk,1529630765872467968,2022-05-26 01:09:28+00:00,214886,11042,Falcon 9 going supersonic https://t.co/Fla67xwxf3
Elon Musk,1529545102447759366,2022-05-25 19:29:04+00:00,350737,29418,https://t.co/OtV3HTKlE7
Elon Musk,1529193812949614594,2022-05-24 20:13:10+00:00,137089,20332,Population collapse is the biggest threat to civilization https://t.co/ZrHN5DsrVB
Elon Musk,1529097667858546689,2022-05-24 13:51:07+00:00,323664,46349,USA birth rate has been below min sustainable levels for ~50 years https://t.co/v5PSLbvEAE
Elon Musk,1528876319362240514,2022-05-23 23:11:34+00:00,92980,9639,"Starlink now available for RVs, campers &amp; other large vehicle users (note, antenna too big for cars) https://t.co/uwKwduNioj"
Elon Musk,1528736434445860871,2022-05-23 13:55:43+00:00,102981,8763,Netflix documentary about returning astronauts to orbit after Space Shuttle program ended   https://t.co/9mksmbiiPx
Elon Musk,1528576711209766914,2022-05-23 03:21:02+00:00,334157,25420,"Elden Ring, experienced in its entirety, is the most beautiful art I have ever seen"
Elon Musk,1528158783746101248,2022-05-21 23:40:20+00:00,159874,9612,https://t.co/UCPd3LQ7C6
Elon Musk,1527781808875642881,2022-05-20 22:42:22+00:00,46587,3904,Accurate https://t.co/s90Corf0v4
Elon Musk,1527748229470646272,2022-05-20 20:28:56+00:00,211807,21866,Tesla is building a hardcore litigation department where we directly initiate &amp; execute lawsuits. The team will report directly to me.   Please send 3 to 5 bullet points describing evidence of exceptional ability.  justice@tesla.com
Elon Musk,1527733001584623618,2022-05-20 19:28:26+00:00,246219,20243,Sus man
Elon Musk,1527708901600157696,2022-05-20 17:52:40+00:00,50959,6126,Worth watching this interview with @theallinpod. The May 16 date is important. https://t.co/hFdBLFxGXY
Elon Musk,1527645516258955266,2022-05-20 13:40:48+00:00,581546,52093,"Super excited to be in Brazil for launch of Starlink for 19,000 unconnected schools in rural areas &amp; environmental monitoring of Amazon! üáßüá∑ üå≥ üõ∞ ‚ô•Ô∏è"
Elon Musk,1527525498460508160,2022-05-20 05:43:53+00:00,277347,25509,"Finally, we get to use Elongate as scandal name. It‚Äôs kinda perfect. ü§£ https://t.co/qSNH7lsn72"
Elon Musk,1527491436005957633,2022-05-20 03:28:32+00:00,707072,77925,The attacks against me should be viewed through a political lens ‚Äì this is their standard (despicable) playbook ‚Äì but nothing will deter me from fighting for a good future and your right to free speech
Elon Musk,1527418023069503511,2022-05-19 22:36:49+00:00,247175,17349,"To be clear, I‚Äôm spending &lt;5% (but actually) of my time on the Twitter acquisition. It ain‚Äôt rocket science!  Yesterday was Giga Texas, today is Starbase. Tesla is on my mind 24/7.  So may seem like below, but not true. https://t.co/CXfWiLD2f8"
Elon Musk,1527397380001234944,2022-05-19 21:14:47+00:00,285145,20885,https://t.co/UZKs5s6BZJ
Elon Musk,1527347447822815232,2022-05-19 17:56:22+00:00,255925,26988,https://t.co/fdy0nedGMs
Elon Musk,1527344969471520768,2022-05-19 17:46:32+00:00,350994,28104,https://t.co/4W8COjWv16
Elon Musk,1527343513867735042,2022-05-19 17:40:45+00:00,75620,7496,Wise words https://t.co/NTGIukXPgM
Elon Musk,1527341913736564755,2022-05-19 17:34:23+00:00,75290,6249,"Good night, sweet maestro, and flights of angels sing thee to thy rest https://t.co/sqiY8iHS41"
Elon Musk,1527315290132185088,2022-05-19 15:48:35+00:00,237126,16370,A party more moderate on all issues than either Reps or Dems would be ideal
